Metric,Average,Std Deviation
MSE,0.37166422063341925,0.041378170917891845
MAE,0.45198390094834134,0.024085100052769693
R2,0.0900256947716098,0.07701381091284097
RMSE,0.6086781881318093,0.034279497166630875
