Metric,Average,Std Deviation
MSE,0.3770408989980685,0.10164539018559055
MAE,0.48505596668749995,0.0793804620970899
R2,0.07211150313855193,0.2604677340594781
RMSE,0.6085305771612806,0.08648336807237124
