Metric,Average,Std Deviation
MSE,0.38877278226503337,0.019130100775683757
MAE,0.5065548067053005,0.012587232768615016
R2,0.047288795221876914,0.012431103919814777
RMSE,0.6233281200098321,0.015324394606042957
