Metric,Average,Std Deviation
MSE,1.8148853337698931,1.28882116706815
MAE,1.131847707328125,0.44627060032071353
R2,-3.4452030160125156,3.2159340663897025
RMSE,1.2819984918244425,0.41396280114250295
