Metric,Average,Std Deviation
MSE,0.39659718739669636,0.018817733788430904
MAE,0.511068092090859,0.012358276886469729
R2,0.02804069638731991,0.012059574551329671
RMSE,0.6295827014230738,0.014926803593573507
