Metric,Average,Std Deviation
MSE,0.4677388650987259,0.35995211818536466
MAE,0.4922002119843751,0.13540968614498855
R2,-0.12985864000373618,0.8072642051167769
RMSE,0.6547823818521873,0.19748138523593164
