Metric,Average,Std Deviation
MSE,0.39525501562500004,0.03284122129994442
MAE,0.48331718749999997,0.02094383189004058
R2,0.030143215584933325,0.07410647340869417
RMSE,0.6281311000830283,0.02657699632172013
