Metric,Average,Std Deviation
MSE,0.29572688970062894,0.02082274339954222
MAE,0.41535188121874994,0.014015964670195846
R2,0.2724815998396106,0.07053776831795802
RMSE,0.5434989703945217,0.019314901579515695
