Metric,Average,Std Deviation
MSE,0.2693649235189159,0.03539188050749197
MAE,0.39379175707812497,0.020191156760181517
R2,0.338346409520447,0.08990243520564976
RMSE,0.5180178849151049,0.03370450723233257
